<?xml version="1.0" encoding="UTF-8"?>
<project-private xmlns="http://www.netbeans.org/ns/project-private/1">
    <editor-bookmarks xmlns="http://www.netbeans.org/ns/editor-bookmarks/2" lastBookmarkId="0"/>
    <open-files xmlns="http://www.netbeans.org/ns/projectui-open-files/2">
        <group>
            <file>file:/E:/Projekan%20Pemrograman%20Visual/java-swing-school-management-dashboard-main/school-dashboard/src/com/raven/main/Main.java</file>
            <file>file:/E:/Projekan%20Pemrograman%20Visual/java-swing-school-management-dashboard-main/school-dashboard/src/com/raven/form/Form_Home.java</file>
            <file>file:/E:/Projekan%20Pemrograman%20Visual/java-swing-school-management-dashboard-main/school-dashboard/src/com/raven/main/Login.java</file>
        </group>
    </open-files>
</project-private>
